REPAYTIME,LIFE_LOAN
2016-02-26,6个月
2016-02-25,6个月
2016-02-24,6个月
2016-02-24,6个月
2015-09-19,304天
2015-09-19,104天
2015-09-19,6个月
2015-09-18,171天
2016-02-05,169天
2016-02-05,171天
2015-09-13,2个月
2015-09-13,4个月
2015-09-14,175天
2015-09-11,12个月
2015-09-11,12个月
2016-02-05,179天
2016-02-05,179天
2015-09-06,289天
2015-09-06,3个月
2016-02-05,6个月
2016-02-03,6个月
2016-02-03,6个月
2016-01-29,6个月
2016-01-29,6个月
2015-08-28,3个月
2016-01-27,6个月
2015-08-23,6个月
2016-01-27,6个月
2015-08-22,6个月
2015-08-22,11个月
2015-09-19,60天
2015-08-21,3个月
2015-08-22,3个月
2016-01-21,6个月
2015-09-05,50天
2015-08-16,345天
2015-08-16,6个月
2015-08-16,6个月
2016-01-20,6个月
2015-08-17,3个月
2015-08-15,360天
2016-01-15,6个月
2016-01-14,6个月
2016-01-14,6个月
2015-08-10,188天
2016-01-13,6个月
2015-08-09,6个月
2016-01-13,6个月
2016-01-08,6个月
2016-01-08,6个月
2016-01-08,6个月
2015-08-07,99天
2016-01-06,6个月
2015-08-03,365天
2015-08-02,121天
2015-08-02,106天
2015-07-30,4个月
2015-07-30,190天
2015-07-30,3个月
2015-07-30,3个月
2015-07-29,6个月
2015-07-26,2个月
2015-07-25,6个月
2015-07-25,6个月
2015-07-19,6个月
2015-07-16,6个月
2015-07-12,3个月
2015-07-12,12个月
2015-07-11,3个月
2015-07-10,3个月
2015-07-10,6个月
2015-07-08,6个月
2015-12-04,6个月
2015-07-01,180天
2015-06-27,180天
2015-06-27,180天
2015-06-26,180天
2015-06-13,213天
2015-06-08,183天
2015-06-07,6个月
2015-05-28,6个月
2015-05-24,456天
2015-05-23,8个月
2015-07-22,12个月
2015-05-21,14个月
2015-07-17,12个月
2015-07-15,12个月
2015-07-09,12个月
2015-05-03,302天
2015-05-02,268天
2015-05-01,304天
2015-04-30,361天
2015-12-30,9个月
2015-12-30,9个月
2015-04-25,6个月
2015-08-18,3天
2015-08-19,5天
2015-08-15,4天
2015-08-15,8天
2015-08-01,8天
2015-07-29,5天
2015-07-25,4天
2015-07-25,5天
2015-07-23,3天
2015-07-18,2天
2015-07-18,3天
2015-07-18,3天
2015-07-18,3天
2015-07-18,4天
2015-07-18,11天
2015-07-08,12天
2015-06-30,5天
2015-07-24,1个月
2015-07-04,10天
2015-06-27,3天
2015-06-30,7天
2015-06-27,4天
2015-07-20,1个月
2015-07-01,12天
2015-06-24,5天
2015-06-20,2天
2015-06-25,6天
2015-06-25,6天
2015-06-25,8天
2015-06-19,3天
2015-06-18,3天
2015-06-18,5天
2015-07-12,2个月
2015-07-11,1个月
2015-07-22,41天
2015-07-10,1个月
2015-07-03,1个月
2015-06-06,4天
2015-07-08,40天
2015-07-08,40天
2015-06-09,12天
2015-06-05,13天
2015-06-22,2个月
2015-06-19,29天
2015-06-26,37天
2015-05-26,6天
2015-05-23,4天
2015-06-26,39天
2015-06-15,3个月
2015-05-16,2天
2015-06-12,1个月
2015-05-14,7天
2015-05-14,8天
2015-05-27,22天
2015-05-30,2个月
2015-05-29,1个月
2015-05-24,3个月
2015-04-23,3天
2015-05-20,2个月
2015-06-17,2个月
2015-06-26,71天
2015-05-01,16天
2015-05-14,1个月
2015-06-13,60天
2015-04-16,6天
2015-05-09,29天
2015-04-14,5天
2015-04-14,6天
2015-05-01,1个月
2015-05-27,2个月
2015-04-27,1个月
2015-04-26,4个月
2015-04-26,3个月
2015-04-25,1个月
2015-04-23,30天
2015-04-21,31天
2015-04-19,30天
2015-04-20,3个月
2015-05-04,45天
2015-04-20,31天
2015-04-20,31天
2015-06-20,3个月
2015-06-19,3个月
2015-06-19,3个月
2015-05-19,2个月
2015-04-18,31天
2015-06-18,3个月
2015-06-18,3个月
2015-04-17,3个月
2015-06-17,3个月
2015-06-17,3个月
2015-03-20,10天
2015-03-15,4个月
2015-03-15,4个月
